id,status,date,channel,community,audience,hypothesis,hook,angle,asset_type,cta,link,views,clicks,replies_comments,saves_bookmarks,installs,activations,mcp_connections,qualitative_notes,decision,next_action
X-LIVE-001,draft,2026-08-07,X,owned account,agent power users,"Founder problem attracts higher-intent users than a generic launch announcement",I shipped Throughline,founder launch,proof-loop video,App Store,"https://apps.apple.com/us/app/throughline-ai-voice-notes/id6774304241",,,,,,,,,awaiting approval,"Capture proof video and create campaign link"
X-LIVE-002,draft,2026-08-07,X,owned account,broad AI power users,"Three-step mechanic produces more qualified clicks than category language",Throughline is a simple loop,product mechanic,screenshot triptych,App Store,"https://apps.apple.com/us/app/throughline-ai-voice-notes/id6774304241",,,,,,,,,awaiting approval,"Assemble triptych and create campaign link"
X-LIVE-003,draft,2026-08-07,X,owned account,agent-heavy builders,"Exact agent question makes the outcome concrete",The test Throughline is built around,proof,agent answer screenshot,App Store,"https://apps.apple.com/us/app/throughline-ai-voice-notes/id6774304241",,,,,,,,,awaiting approval,"Capture real end-to-end example"
X-LIVE-004,draft,2026-08-07,X,owned account,personal voice-note users,"Rejecting meeting recording sharpens the wedge",Not a meeting recorder,category contrast,walking demo,App Store,"https://apps.apple.com/us/app/throughline-ai-voice-notes/id6774304241",,,,,,,,,awaiting approval,"Approve copy and create campaign link"
X-LIVE-005,draft,2026-08-07,X,owned account,existing voice-note users,"Voice Memos contrast explains the category quickly",Voice Memos saves the audio,category contrast,comparison card,App Store,"https://apps.apple.com/us/app/throughline-ai-voice-notes/id6774304241",,,,,,,,,awaiting approval,"Produce restrained comparison card"
X-LIVE-006,draft,2026-08-07,X,owned account,MCP builders,"Technical MCP language earns lower-volume but higher-quality discussion",Personal MCP source that starts with voice,technical workflow,MCP diagram,App Store,"https://apps.apple.com/us/app/throughline-ai-voice-notes/id6774304241",,,,,,,,,awaiting approval,"Produce MCP flow diagram"
X-LIVE-007,draft,2026-08-07,X,owned account,voice-note and agent users,"Transparent workflow question collects better product language than promotion",What happens to voice notes afterward,learning question,text,replies,,,,,,,,,,awaiting approval,"Publish only after a proof-oriented launch post"
20260813-app-store-all-structured-todos-mcp-01,submitted_for_review,2026-08-13,App Store,United States storefront,voice note and agent users,"Leading with structured to-dos and MCP-readable agent context will increase App Store conversion versus the live screenshot set",Turn voice into structured to-dos,structured to-dos plus MCP,six-screenshot treatment,Download Throughline,"https://apps.apple.com/us/app/throughline-ai-voice-notes/id6774304241",,,,,,,,,baseline locked and treatment submitted,"Wait for Apple approval; start the 50/50 test after approval"
X-BRAND-001,ready_for_approval,2026-08-14,X,Throughline brand account,voice-note and agent users,"A concrete three-step mechanic will produce qualified App Store traffic",Your best ideas do not always arrive at a keyboard,product mechanic,proof-loop video,Download Throughline,"https://apps.apple.com/app/apple-store/id6774304241?pt=128635316&ct=x-organic-aug26&mt=8",,,,,,,,,brand account setup pending,"Create account; capture real proof video; founder approves before publishing"
X-BRAND-002,ready_for_approval,2026-08-14,X,Throughline brand account,voice-note users,"Voice memo contrast will make the structured-output benefit easier to understand",A voice memo preserves the recording,category contrast,comparison card,Visit profile,,,,,,,,,,brand account setup pending,"Create restrained comparison card; founder approves before publishing"
X-BRAND-003,ready_for_approval,2026-08-14,X,Throughline brand account,mobile productivity users,"A walking use case will connect the product to a frequent capture moment",Walk. Think out loud. Arrive with a plan.,use case,captioned screen recording,Download Throughline,"https://apps.apple.com/app/apple-store/id6774304241?pt=128635316&ct=x-organic-aug26&mt=8",,,,,,,,,brand account setup pending,"Capture safe walking workflow; founder approves before publishing"
X-BRAND-004,ready_for_approval,2026-08-14,X,Throughline brand account,voice-note users,"An extraction-quality test will invite useful product discussion",Say three messy things you need to do,product proof,safe demo screen recording,Replies,,,,,,,,,,brand account setup pending,"Capture a real safe demo; founder approves before publishing"
X-BRAND-005,ready_for_approval,2026-08-14,X,Throughline brand account,MCP builders,"The MCP differentiator will earn lower-volume but higher-intent traffic",The transcript is not the destination,MCP workflow,voice-to-MCP diagram,Download Throughline,"https://apps.apple.com/app/apple-store/id6774304241?pt=128635316&ct=x-organic-aug26&mt=8",,,,,,,,,brand account setup pending,"Produce MCP diagram; founder approves before publishing"
X-BRAND-006,ready_for_approval,2026-08-14,X,Throughline brand account,personal voice-note users,"A clear category boundary will improve audience fit",Throughline is not a meeting recorder,positioning boundary,text,Visit profile,,,,,,,,,,brand account setup pending,"Founder approves before publishing"
X-BRAND-007,ready_for_approval,2026-08-14,X,Throughline brand account,voice-note users,"A genuine research question will collect useful language and use cases",What is the last voice note you recorded?,learning question,text,Replies,,,,,,,,,,brand account setup pending,"Publish after one proof-oriented post; respond manually"
